review_id,user_handle,rating,theme,week,review_date,review_text,app_version,platform
6032c249-1810-4a8f-843b-d1bb8358d11d,[REDACTED],2,unclassified,week_b,2026-04-23T11:37:13Z,"I loved the user interface up until today. but for some reason, they changed the background colour of the chart, and moved the overview and other quick categories to a scroll option. and the buy and sell became much smaller and this is [REDACTED] during intraday. absolutely horrendous ui decision making",9.4.1,Android
451eb324-b3bf-4b9a-9dca-f094263fed86,[REDACTED],2,unclassified,week_b,2026-04-23T09:15:07Z,Old interface was good. Now with white background for charts and information in multiple tabs is very confusing. Earlier it used to show total quantity (holdings plus positions) at the top on the chart. Now there is no such information.,9.4.1,Android
26403836-9f0d-4de6-a337-6640b2999f06,[REDACTED],2,unclassified,week_b,2026-04-22T20:37:52Z,Some much needed functions are missing 1. Stop Loss and Target sell price can't be placed in one single order. 2. Market Order Depth i.e. top 5 bid-ask quotes function is missing for US stocks. Please add these in the next update,9.4.1,Android
81016a22-b27c-438c-ac15-3fa751b96f3b,[REDACTED],1,unclassified,week_b,2026-04-22T10:43:02Z,"with every update the ui glitches are so high, not at all user friendly, there is no intuitive option to revert back. wanted to rate zero star unfortunately it doesn't allow.",9.4.1,Android
0287b961-a1ce-4428-81ca-7954efe662f7,[REDACTED],1,unclassified,week_b,2026-04-21T22:42:31Z,I am [REDACTED] to add money from my axis bank account I have tried for more than a week and also raised the ticket and it is still not solved,9.4.1,Android
6513a976-0cf8-4d83-9041-59f534bd2870,[REDACTED],1,unclassified,week_b,2026-04-21T11:41:47Z,"total waste, it can not even update prices properly. trust me waste app for trading go for kite",unknown,Android
52ebc6c3-0f3b-45b3-8cd0-7f947a4c8d61,[REDACTED],1,unclassified,week_b,2026-04-21T10:18:02Z,"This was my goto app for investing, but it seems like I'm the only one experiencing a glitch with a simple toggle button. Have been writing so many emails, but I'm constantly met with ""we are checking with our concerned team"". What really ticked me was they lied to me about the toggle button and mentioned it was removed during a recent update. Checked with my friends, and they all continue to have the option. Toggle button missing may seem trivial, but Ind's UI is what attracted me.",9.4.1,Android
d38a8a50-e502-4fcd-9f0e-4f644a2f06e3,[REDACTED],1,unclassified,week_b,2026-04-20T22:42:44Z,"First they give you free mtf balance to use for buying shares for Rs.10000 then, they will remove that limit and charge~15% on that balance with no intimation, extremely dissatisfied with their service",9.4.1,Android
ef02fd39-671c-4e00-9fd7-9762d0345209,[REDACTED],1,unclassified,week_b,2026-04-20T15:38:13Z,"I am [REDACTED] to connect with customer care from friday 18 april,2026 from app but there is no option to connect live agent and chat gpt has no option to see any attachment, there is an error show in my us stock portfolio, all stock is in green but PL shows loss -2.82 usd, this is [REDACTED] hidden charge ? please tell me, I want to send screenshot but where ?? I don't know",9.4.1,Android
f918fec3-9196-4078-9611-dc0c4d6c8347,[REDACTED],2,unclassified,week_b,2026-04-20T13:09:21Z,"it was a great app to start, networth includes all kinds of instruments. trading was nice, mtf was good. but suddenly the app started to hang/crash too often. scroll gets stuck. now there seems to be a ui refresh, and the stock doesn't show day high/low, my shares of that stock, and the best part missing is the x-y axis showing max min value. is there a way to bring this back? whats worse the price alerts are not firing up, missed multiple stocks going beyond price I wanted, seriously!!",9.4.1,Android
4b8141bd-b7b0-4ab4-9ffb-39da6225b5ef,[REDACTED],3,unclassified,week_b,2026-04-20T10:55:09Z,"INDmoney offers useful features, but constant UI/UX changes make it frustrating to use. Frequent updates shift menus and navigation, forcing users to relearn the app again and again. Instead of improving usability, many changes create confusion and slow down simple tasks. A finance app should feel stable and predictable. Please focus on consistency and meaningful improvements rather than frequent redesigns.",9.3.2,Android
8094bc5f-059b-4131-8db9-5ddb5cca6e39,[REDACTED],1,unclassified,week_b,2026-04-19T21:27:51Z,"Why you have removed option of foreclosure???Earlier it was available , now this application becomes same as other applications...",9.4.1,Android
0c364c7a-d793-4def-9d17-f3fe84a75c4e,[REDACTED],2,unclassified,week_b,2026-04-18T22:05:48Z,"I thought you would give me cashback like 200 rs for transaction above 1000 rs but you didn't give me any of the rewards, so it is better to uninstall you.",9.4.1,Android
0fc6b7fb-3628-4c91-83e9-d89d324b2056,[REDACTED],3,unclassified,week_b,2026-04-18T17:50:46Z,"The USD conversion via ICICI Bank is misleading. The exchange rate shown in the INDMoney app is not the rate actually applied—there’s a difference of about ₹0.30 per dollar, with the bank charging a higher rate. When I contacted ICICI Bank, they stated that since this is a third-party transaction, they cannot address the discrepancy. On the other hand, INDMoney’s support team was unable to provide a clear explanation for the difference in exchange rates.",unknown,Android
9864ce45-a627-4c33-8c05-34e11b66f18b,[REDACTED],1,unclassified,week_b,2026-04-17T22:22:16Z,hate this app only give 4 bank (affiliate) to add money.due to this I dealy buying and loos the opportunity to by tesla.,unknown,Android
9d4b8537-ad81-4aca-9822-7d38780d5fc4,[REDACTED],1,unclassified,week_b,2026-04-17T20:24:32Z,Why the app is promoting Insta cash who don't want to kindly disable it and hide it you are highlighting it rather than stock broker apps looks like loan platform.,9.4.1,Android
53766d73-97c7-4516-93d8-72edc8114a5b,[REDACTED],1,unclassified,week_b,2026-04-17T12:34:45Z,"Unreasonably high MTF charges compared to competitors. INDmoney charges 0.1% uncapped brokerage on MTF trades. On a ₹7.7L trade, I was charged around ₹775 for a single order. plus 1k of additional charges (approx)Meanwhile, platforms like Zerodha cap brokerage at around ₹20 per order while offering similar or better margin benefits. If any one are planning to use MTF, think twice. This pricing model can quietly eat into your capital. these guys are looting like anything",9.3.9,Android
a6a869c5-806f-4d8e-a7a4-6e70cb8dc194,[REDACTED],1,unclassified,week_b,2026-04-17T07:46:09Z,netflix is down 9.6% today. your app shows 0.02% up!,9.4.1,Android
768371e7-5062-46e5-aa46-625ff0d848ab,[REDACTED],1,unclassified,week_b,2026-04-15T22:10:43Z,I sealed that stock four days ago. That balance hasn't been added to my account yet. My account balance is showing very low. My money has disappeared from Violet.,9.3.9,Android
d1f5d584-23ab-45f8-b618-00f53fbf024b,[REDACTED],1,unclassified,week_b,2026-04-15T20:46:57Z,I tried many time to change our phone number but still not done by indimoney.Very unuseful.,9.3.9,Android
e43b9424-d39a-495c-a716-e2f62695dc09,[REDACTED],1,unclassified,week_b,2026-04-15T16:42:46Z,My experience with this app so very bad because not direct call customer care number support ❌ add customer care service earlier as soon as possible 🙏,9.3.9,Android
06880ad8-6eeb-45ae-994b-536b15602ac4,[REDACTED],1,unclassified,week_b,2026-04-15T12:23:48Z,very bed service in this aap sabka brokerage charges alg alg charge kr rahe hai or tax bhi apne hisab se set kr rahe hai last 2 years se use kr rahi hu not satisfied with service,9.2.9,Android
dc2c61a6-e2e5-4a0b-88fe-19921839221b,[REDACTED],3,unclassified,week_b,2026-04-15T04:26:58Z,"using the app last 6 months , the app performance is overall average, like other normal apps because ind money app looks not really serious for their users 🤬, because the app has no any advanced tool like zerodha and dhan have. app havs totally basic tools like other normal apps , 🙏🙏They should to understand that the main reason why their app will grow, is lesser brokrage for F&O than other platforms 👇👇. as a serious trader they should to add in f&o section ""stocks future & oi buildup""",9.3.7,Android
b3f7b67b-c0e8-4a38-84b1-69687ec09e9f,[REDACTED],1,unclassified,week_b,2026-04-14T21:55:29Z,"the referral program is terrible. there was no option to enter the referral code during signup and when I contacted the customer care, they were like ""you are supposed to use the link not code"". what is the purpose of code then?!!!!!",9.3.7,Android
d85250e8-8943-462e-85fd-e4da7105002c,[REDACTED],2,unclassified,week_b,2026-04-14T16:23:47Z,I want you to add notification categories where I get to decide whether or not I want your ad's when you charge me for services that I use for US based investments,9.3.7,Android
26eeaaaf-d957-4e56-89e8-615c43d848ad,[REDACTED],1,unclassified,week_b,2026-04-14T09:15:39Z,"worst experience with the app. I have transferred money and my money is on hold for the last 5 days. Mailed relevant documents and got an unprofessional reply stating password is wrong and which is absolutely disheartening with an app who is handling money of people. Further tried to connect to customer care, no option to connect them, only option is that the representative will connect and the waiting time keeps on increasing starting from 5 minutes then 15 minutes. I request to return my money",9.3.7,Android
24be4515-2d7b-4baa-8b71-e6a30dd2e0d8,[REDACTED],1,unclassified,week_b,2026-04-13T19:32:34Z,paiso ki loot. unnecessary new new bank account kholne lagate hai aur paise koi return nahi full waste 5 se sidha zero dena pad raha hai,5.4.0,Android
e29cf958-3e7d-477f-80da-aa5cc946f9f7,[REDACTED],1,unclassified,week_b,2026-04-13T11:26:34Z,"trade time par leak maarta hai hai app ,, please bhai logo esko leak ko sudhaaroo jo anjal one ya zeroodha walo ki tarhaa ham indmoney wale bhi profit me aaye 👍🏻",9.3.7,Android
a15b7c7f-8a33-431a-bcb8-7289331401a2,[REDACTED],1,unclassified,week_b,2026-04-11T15:12:08Z,"worst app, don't take any loan from this app with high interest people going and lock with the help of these kinds of apps. I do not recommend this app for taking loans because these people are not responsible for that. When you have a problem the IND money app will not help you in support but if the Loan provider has any problem the IND helps them to kill us.",9.3.7,Android
c2e54656-77e9-4bb5-a5ef-654c0bff854c,[REDACTED],1,unclassified,week_b,2026-04-11T13:25:49Z,I am [REDACTED] able to pay any payment. Their payment gateway worst,9.3.2,Android
259aa0b2-b4f9-4681-9d86-6cbc6af87ace,[REDACTED],3,unclassified,week_b,2026-04-11T06:45:12Z,Please add an option on the trading chart to place trigger order using the plus button from the chart itself,9.3.7,Android
a96eb296-132f-4676-a9e1-187140f33063,[REDACTED],1,unclassified,week_b,2026-04-10T22:38:01Z,The app is not functioning as expected. For US stocks even after plaving order and adding otp it says somwthing went wrong even though the transaction went thru. Recently I added $1 stock and it keeps on loading but I got an email order placed. Even after raising concern no action taken. Pathetic,9.3.2,Android
4326b77e-95d3-413a-82e6-473975223127,[REDACTED],2,unclassified,week_b,2026-04-10T20:23:32Z,please add income verification for fno by bank settlement by bank OTP not manually,9.3.2,Android
46c2db40-9cc3-4654-ab97-d097dd470995,[REDACTED],3,unclassified,week_b,2026-04-10T14:58:18Z,new interference of order is not good please change it is very complex to once order place if I have to cancel we have to in another tab of orders it is easy to do while trading 🫡🤮,9.3.7,Android
5994246d-67aa-43ac-8a3e-434f537ddc53,[REDACTED],1,unclassified,week_b,2026-04-09T22:56:25Z,"when i am [REDACTED] on the activate us account, it is not progressing further.",9.3.2,Android
a3a61f80-8aeb-4309-af9e-e3988eaacb73,[REDACTED],2,unclassified,week_b,2026-04-09T19:48:46Z,"the Nominee Center is a mess! please use full names (instead of first name and last name) for nominees as most government IDs use full names. INDpay UPI ID exposes our phone numbers, and there is no option to change it!",9.3.2,Android
90d3084d-bc0e-464f-a4e9-799a8824fa42,[REDACTED],1,unclassified,week_b,2026-04-09T17:31:09Z,"UI and UX both are so confusing, it's like to much information clustering into single panel, so irritating.",9.3.2,Android
f8ded4da-a038-4bf9-a0b6-1432bbd36c33,[REDACTED],1,unclassified,week_b,2026-04-09T13:48:35Z,sabse khatiya treding platform hai ye aaj 30 march ko maine nifty 50 me tred liya 22350 ka subah 9:15 pe 4800 ka capital tha 3600 loss me chall raha tha 12:30 ke aas pass automatic sell kar diya platform wale ne bol raha hai broker aisa kar sakta hai jab market teji se niche girta hai isase pahle kabhi nhi sell hua mera pura capital 0 ho gya tab nhi sell kiya isne ab mujhe pata market abhi upr jayegi ab 22350 -370 tak pahuch gya tha main liya tha 74 rupya pe ye indmoney ke karname hai,9.1.9,Android
f439bf2c-d1cf-442d-b345-1673155fa2c5,[REDACTED],1,unclassified,week_b,2026-04-09T11:53:39Z,They fail to track credit card bills. overdue amount notified by bank. no responsibility borne by INDMONEY. These people are there to screw you over. Move to CRED or do it yourself !,unknown,Android
926f09e1-6a51-4357-b2cb-74970f8f2c51,[REDACTED],1,unclassified,week_b,2026-04-09T10:45:26Z,"I had deposited only ₹100 purely to understand the trading charges on your app. As part of this, I purchased 2 shares at ₹40 each and sold them after 2 days at ₹42 each. This was a very small and straightforward transaction intended only for testing purposes. However, I was shocked to see that ₹2 was deducted as INDmoney charges and an additional ₹22.19 was charged under Government Charges and Taxes.This brings the total deduction to ₹24.19 on a transaction of just ₹80,approx 30%, totally unfair",9.3.2,Android
9091a16f-c7ba-46f3-865d-e91ad8cbf743,[REDACTED],1,unclassified,week_b,2026-04-08T21:25:24Z,why there are only some bank account to connect?and when we get call for video call kyc they say they have technical issue but on screen it shows good networks.,9.3.2,Android
150f03f8-9c3f-4bd2-81f6-6060ca9226bb,[REDACTED],1,unclassified,week_b,2026-04-08T20:39:01Z,"Don't invest in US stocks via INDMoney. Very bad customer support. I initiated transaction for 25K, but it never reached by trading account. I am [REDACTED] waiting for it to be credited from more than 3 weeks. Customer support behaves irresponsibly, repeating same line again and again saying we are following up.",9.3.7,Android
f9677ff0-8a34-4bba-af50-e7261a6d4d63,[REDACTED],1,unclassified,week_b,2026-04-08T17:29:10Z,The spend analysis option is not available in the latest update. I linked all my bank accounts and credit cards so that i can track my spends easily. Now it is gone,9.3.2,Android
b306f717-d22e-41fd-88f7-5b390626d53b,[REDACTED],1,unclassified,week_b,2026-04-08T10:01:35Z,The worst app does unwanted changes in charts in updates. stay away as changing chart layout is the last thing a trades wants in update,9.3.2,Android
82e9b37e-fac7-4e41-8a9f-795d95e4c005,[REDACTED],1,unclassified,week_b,2026-04-08T07:47:07Z,The old interface is too good for us. The new update interface is very complicated.,9.3.2,Android
7d7949a1-a9fa-4220-afa9-60a0848b8210,[REDACTED],1,unclassified,week_b,2026-04-07T15:53:17Z,don't use this app After few days this app stop my refer and earn and I lost my friend refer money,9.3.2,Android
5dc52b4a-46e1-4981-b355-137c25789e98,[REDACTED],1,unclassified,week_b,2026-04-07T12:50:01Z,in your terms and conditions you telling that you would share my data with other .it's was feeling me so unsafe to sharing my data with you,unknown,Android
2638ac4c-1045-4c06-bdf3-2f61bd6f0f3d,[REDACTED],1,unclassified,week_b,2026-04-06T19:49:17Z,"This application engages in misleading practices by transferring investors’ external mutual fund holdings-originally managed through other distributors (Kuvera / Groww) - into its own demat account without obtaining proper consent. Furthermore, it is now refusing to facilitate the transfer of these holdings back to the Kuvera platform SOA mode from its own demat account. Pathetic and non cooperative attitude of the organisation.",9.3.2,Android
ad2c7173-d372-4f0b-bafc-abd643816ebe,[REDACTED],1,unclassified,week_b,2026-04-06T11:03:52Z,don't ever use this broker for us stocks. they takes 20+ days to deposit your fund and take 30+ to withdrawal of your money. and they reply is generic from all customers support line is there problem going on with broker or going maintainance for 2 weeks wow. 😡😡,unknown,Android
0f3e980f-4c80-4131-8740-7ab660883c65,[REDACTED],1,unclassified,week_b,2026-04-06T00:08:46Z,"I applied for a Federal Bank account through INDmoney more than 20 days ago, but the account is still not open. I have completed all the steps, yet there is no update from the team. The customer support is also not providing a clear timeline. Very poor experience so far. Please resolve this as soon as possible! INDmoney app var Federal Bank account open करायला टाकून २० दिवस झाले, पण अजून काहीच प्रोसेस झाली नाहीये. खूप स्लो सर्व्हिस आहे. Customer support कडून पण काही नीट उत्तर मिळत नाहीये.",9.2.9,Android
c5e46a94-1242-4c4f-94cc-8fccd7fc35b8,[REDACTED],1,unclassified,week_b,2026-04-05T19:13:36Z,app is good but there is some issue which can not be ignored. 1. I added a bank account can not be delete. 2. IND money open a demate account without our permission if you try to invest in mutual fund (we don't need a demate account).,9.3.2,Android
c583d650-55f0-499d-acfe-787f8dcf7950,[REDACTED],3,unclassified,week_b,2026-04-05T10:34:26Z,"too complicated too find anything, interface needs to be simplified like groww",9.3.2,Android
1adce48c-1265-4009-8112-c1ea21cb861c,[REDACTED],1,unclassified,week_b,2026-04-04T15:02:37Z,balance showing in wallet but can't withdraw if I contact customer service they say no balance worst I deposited less fund to check but now that to not use for trading r withdraw money use less tension giving app,9.2.9,Android
d7c67eb4-6446-4a9f-b22c-9cb1237d6b53,[REDACTED],1,unclassified,week_b,2026-04-04T14:09:29Z,Do you have a support mechanism. Same old issue. No support and response on the query raised. Real time issue resolution is a problem at your end.,9.3.2,Android
534c8b47-05b7-4bf1-92d0-5ebbda04543a,[REDACTED],2,unclassified,week_b,2026-04-04T08:30:32Z,"Nice app overall, but please stop that irritating personal loan pop-up.. I have clicked it a couple of times now by mistake, it is such a stupid dark pattern for cheap marketing... very frustrating 😡",9.3.2,Android
c5210dff-8fd6-47ad-99c2-26bc78670b85,[REDACTED],3,unclassified,week_b,2026-04-04T07:46:58Z,"In mutual funds step up sip, it should give me option of % increase of sip instead of giving option of increase by a fixed amount only. Also this increase start date should be asked. Currently if I setup a new sip, it would only give option of monthly, quarterly or yearly without asking the first date when I want the increase to happen. I was also unable to find Nippon India Taiwan equity fund in mutual fund list.",9.3.2,Android
04c82677-433d-4bb3-838e-c451745c1832,[REDACTED],3,unclassified,week_b,2026-04-03T19:09:22Z,"Does the job, but one major concern is NPS is tracked only via gmail which is a pathetic business decision (maybe their intention is to track mails and personal info ;-)) grow up guys have option to track via statement upload or some other means.",9.3.2,Android
e0e8bbc0-18cd-4e28-8e02-7d7035b6dab7,[REDACTED],1,unclassified,week_b,2026-04-03T10:06:52Z,"earlier app was better but in recent updates they have implemented generating QR code for mutual fund tracking, which is totally pathetic, it Generates QR & gives option to copy QR but after copying it doesn't allow to paste anywhere or doesn't allow to SUBMIT, then why does you have provided that option. Once you have copied QR it goes disappear & doesn't allow to download means you have to re initiate request again by doing authentication for tracking mutual funds. It takes too much time.",9.2.9,Android
b44abd04-6496-4956-bd2a-3b18847ee99d,[REDACTED],1,unclassified,week_b,2026-04-02T07:15:11Z,worst customer service don't go for this app. l didn't receive my sell proceeds to my sb account even after 1 month .Zerodha is very good when it comes to customer service,unknown,Android
cde7057e-632d-4ad1-abe7-0394d64c0e11,[REDACTED],1,unclassified,week_b,2026-04-01T20:55:10Z,"very bad experience, they do not have any customer support at all ! always delay while withdrawal of money",9.2.9,Android
5b211f4c-c5e3-4b15-a0ad-5231368ae82b,[REDACTED],1,unclassified,week_b,2026-04-01T18:16:47Z,"I suffered a loss due to their technical error. when i deposited money A fake balance was shown in my account, and based on that I made a transaction. support says it was a technical issue and now you’ve stopped responding. Who will bear this loss? I need a clear answer.",9.2.9,Android
d4250e0f-9024-4249-9d1f-035495cdaeb7,[REDACTED],1,unclassified,week_b,2026-04-01T17:15:46Z,worst aap ever 10 reminder calls everyday 1 week before due date they want you to pay before due date so they irritate you so much that you pay before.,9.3.2,Android
549693f1-195d-4627-be44-5d7e4bd7eacf,[REDACTED],1,unclassified,week_b,2026-04-01T12:29:10Z,"loan to mil jata hai, par uske baad call karke bohot jyada pareshan karte hai, morning 9am to 10pm daily 8+ call aate hai",9.3.2,Android
fa217b01-98b1-462f-a611-5ff84740e9bb,[REDACTED],1,unclassified,week_b,2026-04-01T09:01:51Z,From monday in my trading account doest show technical chart..it so bothering me..when i complain to support system they also doesnt rectify the technical issue even m attach the screenshot..so irritating..i cant do trade for that issue,unknown,Android
6e7dbf61-d432-4d52-b7ef-e7818544bfda,[REDACTED],1,unclassified,week_b,2026-04-01T02:04:04Z,Im an NRI and I starter investing 6 months ago and now all of a sudden I received notification from the app that some discrepancy has been found on my trade. I asked support agent to know what is the actual cause but they are just saying due to internal due diligence my account has been temporarily blocked. They are not telling what is the actual reason for it and how to resolve it and saying to wait for some time they dont have an update right now. I loved this app and now it screwed me.,9.3.2,Android
f440ce45-2e99-49c2-8502-a86cdc4e2e89,[REDACTED],1,unclassified,week_b,2026-03-31T10:37:40Z,Horrible experience with INDmoney US stocks. - ₹8L debited March 26th is stuck with no refund yet. Plus lost opportunity on investments. - Funds that I managed to transfer have been processed only partially. The TAT jumped from March 30th to April 6th. - Misleading notifications claim money will arrive today but the app says otherwise. Unreliable systems with no predictability. Avoid if you value transparency and timely access to your capital.,9.2.9,Android
0bedda75-951e-4868-8d58-b524d8eeba30,[REDACTED],1,unclassified,week_b,2026-03-30T19:16:51Z,Unnecessary withdrawal refund date extended day day day,9.2.9,Android
b8d2aee7-311f-4254-8a58-029338a9fe41,[REDACTED],1,unclassified,week_b,2026-03-30T17:50:36Z,this app is very bad Our money will be cut like that app not good. very very bad 😔😞😔,9.1.7,Android
5188cbbd-213c-41c7-8c2f-5922d4b9e289,[REDACTED],1,unclassified,week_b,2026-03-30T16:58:30Z,worst app couldn't link my bank account Waited a month nothing happened. they'll tell you it will take 3 days but wouldn't happen. They steal data as well pathetic service. i recommend groww instead. switching the app now.,9.2.9,Android
c1f7bea6-3cec-4201-901f-9be09dfe8d2e,[REDACTED],2,unclassified,week_b,2026-03-28T18:05:45Z,Though they have tried but failed in many ways too. Mutual funds holdings portfolio sync is not as per MF central holdings. There is no option to track daily RD and daily gold/silver SIP.,9.3.2,Android
891b7508-3548-4d92-8446-1f177efa960e,[REDACTED],1,unclassified,week_b,2026-03-28T09:22:41Z,"Don’t use this application. It’s very poor. in futures and options, nothing is as user-friendly as Zerodha. They have added too many features and now the app doesn’t work properly. It’s very slow and takes a long time to process. In today’s world, who would like something that works like a tortoise?",9.2.9,Android
1c501bdc-d8f2-4998-8273-f6732d5cdbb0,[REDACTED],1,unclassified,week_b,2026-03-27T19:40:32Z,"Takes too much time for transaction from bank to account. No quick resolution and very delayed reaponses. Not a reliable partner, have to bear heavy loses.",9.2.9,Android
9326a337-7e45-4492-982d-dba4aa4bf386,[REDACTED],1,unclassified,week_b,2026-03-27T10:33:20Z,ye bahoot hi beca aap hai paisa kab katata hai pata hi nahi chalta,9.2.7,Android
c0b39628-d66a-4fb7-93f6-61db5b42643c,[REDACTED],1,unclassified,week_b,2026-03-27T08:20:42Z,"I have used and closed many small loans from instacash, i liked it alot, but suddenly they removed the option to foreclosed the loan at anytime. This is [REDACTED] worst thing introduced lately!",9.2.9,Android
70b90f06-dc35-4f1c-8ed8-91f6fec644a0,[REDACTED],2,unclassified,week_b,2026-03-25T21:38:11Z,"the app is good, however m giving 2 star for below 1) you don't have option to download holding statement for MFs and nor backend team can support you on this 2) they don't have feature for daily SIP. while they used to have but now only providing this feature upto 100 rs only what a non sense",9.2.9,Android
39a63645-5009-4da0-9f95-1ac9f00dc552,[REDACTED],3,unclassified,week_b,2026-03-25T19:42:18Z,"Dull Experience as compared to groww app I only download this app for Us Stocks, you should improve smoothness and functions of app",9.2.9,Android
c83a3266-507f-4fb4-b59d-13f67d13c5a6,[REDACTED],3,unclassified,week_b,2026-03-25T19:32:04Z,"I am [REDACTED] disappointed with the service of INDmoney. Today my shares were sold without any prior information or notification. I did not receive any message, email, or alert before this transaction happened. As a user, I expect transparency and proper communication regarding my investments. Selling shares without informing the account holder creates confusion and loss of trust. I request the INDmoney team to explain why this happened and make sure such actions are not taken without informing th",9.2.9,Android
db95623b-d703-43b2-a7da-ef3b2bf15d76,[REDACTED],2,unclassified,week_b,2026-03-25T16:14:14Z,"I am [REDACTED] elderly person and unable to read the script. Please, make black background to enable me to read the script.",9.2.9,Android
6d39b409-458b-4c71-8d72-44174ea54464,[REDACTED],1,unclassified,week_b,2026-03-25T10:47:35Z,Worst experience in terms of customer service who are unable to fix any error related to account. Wasted my days when I wanted to invest on desired stocks.,9.2.9,Android
b1f2499a-4160-4b60-be85-ef16f83480ee,[REDACTED],1,unclassified,week_b,2026-03-24T12:55:26Z,wrost app this app is not refunded my ammount in my bank account,9.2.9,Android
7f62e399-1682-49be-abd2-7dfa7d04104b,[REDACTED],1,unclassified,week_b,2026-03-23T18:50:33Z,"I tried to sell a stock to book the profit I had made, but it was not sold. As predicted, the company’s value went down, and now I have a loss of ₹25,000 on it, and it is still not sold.”",9.2.7,Android
aa4a954b-b1da-4ae6-8a51-a577d71863e0,[REDACTED],2,unclassified,week_b,2026-03-23T18:11:51Z,"I trusted this platform, but waiting 4+ months for my money after submitting all documents is unacceptable. Extremely disappointed with the service.”",unknown,Android
22a83ecf-83e4-4e19-8a89-9698aa2d62be,[REDACTED],1,unclassified,week_b,2026-03-23T15:40:39Z,"Worst trading app experience. Frequent crashes caused major losses. On 23-03-2026, I placed an order at ₹66 with stop-loss ₹59, but it failed to trigger. I had to exit manually at ₹49.65. Orders often don’t appear on charts. Highly unreliable—do not use for trading. I also escalate the same to SEBI too",9.2.9,Android
d6f959d1-7796-4b69-8ded-26eaf91f19b4,[REDACTED],1,unclassified,week_b,2026-03-21T22:15:53Z,Tablet compatibility worst. kindly update layout for tablet.,9.2.9,Android
459c0381-2f44-4003-943e-fbd3732a2340,[REDACTED],3,unclassified,week_b,2026-03-21T05:40:54Z,IND money Team can update the portfolio section because it's now complex... My opinion is the percentage of stocks and improved analysis section... please,unknown,Android
79524642-9e00-4814-9cbe-10a77e0fc701,[REDACTED],1,unclassified,week_b,2026-03-20T17:33:26Z,worst customer support indmoney has.. pathetic.. I want to close my account they aren't helping.,unknown,Android
daa703d7-ac24-427b-9556-cdbe77cd6652,[REDACTED],1,unclassified,week_b,2026-03-20T12:07:14Z,"A new ticket (3153991) has been raised regarding my unresolved issue. My previous tickets (3132454 and 3150933) were closed without any resolution. Order ID291192,Amount: ₹50,000 (UTI Retirement Solution Fund )Order Date: 22 Feb2026 Unit Allot Date: 24 Feb Despite the unit allotment being completed, nothing happened. your team asked for 1 more week given that. Now on Monday see you in court.",9.2.9,Android
67982c06-ab9c-49bc-ab26-8d0fa5e2da7f,[REDACTED],1,unclassified,week_b,2026-03-20T06:59:10Z,Worst app. I was install the app before 6 months. Still now i can't add my bank details. They push to open Federal bank account. This app haven't customer care contact numbers. How to reach you with out customer care contact numbers. Very poor app. I recommend all peoples Angel one is best. They having customer care contact numbers. If any problem they will solve within a hour. Indmoney is worst app don't install the app.,9.2.7,Android
0d1958be-f969-4c48-ab13-5d24e6fafa1b,[REDACTED],1,unclassified,week_b,2026-03-19T18:50:35Z,it was better when they had zero brokerage for US stocks but now they are charging us 0.50% of the trade value per trade + other charges + 0.38% extra charges if the stock price is below 1$ + gst.,9.2.9,Android
6671d8e8-b204-49d8-9b0a-5e6faffebee2,[REDACTED],3,unclassified,week_b,2026-03-19T10:47:56Z,One of the widely used and very important features of mutual funds purchase as a basket is missing which is available with other brokers. Please bring it at the earliest. Will give 5 stars if made available by next month.,9.2.7,Android
00cf16e2-8e5c-483e-824f-960b5ab6eda3,[REDACTED],1,unclassified,week_b,2026-03-18T22:02:11Z,Warning ⚠️ I bought 15 shares ranging from ₹1 to ₹25 and when I sold them they charged DP Charges of ₹14+18% GST on every Share I sold. My wallet balance got in Negative. The problem is that They won't tell you all this before adding funds in your Demat wallet. Everything is hidden beneath FAQ pages if you dig. Invest in Mutual funds to avoid all hidden charges.,9.2.7,Android
ba8c765c-a96c-48cd-8955-026636b10f89,[REDACTED],1,unclassified,week_b,2026-03-18T18:55:27Z,"Worst services from this team. After debiting money from my account, they didn't credit it to the NPS account. Even after 10 days, nothing was done. I suggest that you try focusing on other apps.",9.2.7,Android
da025fca-9245-439e-8e56-ac30ef68d4ea,[REDACTED],1,unclassified,week_b,2026-03-17T13:13:55Z,Very disappointed with their KYC process with takes ages to complete! I have deleted account as its KYC process is complex and their rules and regulations are even worse than NRI banks ! Not recommended to install and risks your money.,9.2.7,Android
bd482f27-d3f2-499a-86e5-4c4ce8da1a2b,[REDACTED],1,unclassified,week_b,2026-03-17T09:46:24Z,don't install and don't open account hidden charges and brokerage charges,9.2.7,Android
1db62d82-77ff-4109-8acb-fd372cf4e1ad,[REDACTED],1,unclassified,week_b,2026-03-16T10:45:51Z,"Himanshu Shinde 16 march 2026, I was having 37k rupee in wallet and i was earning 2k fno profit but due to app issue was unable to book profit i tried multiple time but it was not happened and price goes down also my wallet goes negative 31 lac rupee and trade automatically closed.i have screen shot as well and now team is duducted my 5k rupee and reverted my wallet 33k rupee and saying no issue happen so we cant credit you can shift to another plateform. worst app.",9.2.7,Android
222cc735-e978-4d71-b28c-4ba0c5fd4ee2,[REDACTED],1,unclassified,week_b,2026-03-16T08:29:58Z,"service is very bad during really wanted to get help from them, they re money minded, don't use this app.",9.2.7,Android
6cff5053-1750-4022-bccc-d5af1dfa5af8,[REDACTED],1,unclassified,week_b,2026-03-15T22:15:31Z,"There is no option to create a US account for NRI. Misleading Info in app , how NRI can invest in US stock.",9.2.7,Android
4c659f4e-60c8-4717-8dee-e149ae60ad39,[REDACTED],2,unclassified,week_b,2026-03-15T21:31:14Z,didn't get money back I even sold them back and some were stopped but cutting my balance and it's going into a negative,9.2.7,Android
6e9d0b8b-b17f-42e1-a238-370ca0df5442,[REDACTED],1,unclassified,week_b,2026-03-13T23:17:28Z,I am [REDACTED] able to access external mutual fund data. I have followed the scan‑code steps more than 10 times. It always results in an error. I am [REDACTED] frustrated due to this issue. Kindly resolve it at the earliest.,9.2.7,Android
7b8d6cc3-53d2-42ff-bdb1-26b2564b7fa6,[REDACTED],1,unclassified,week_b,2026-03-13T11:43:32Z,Instead of resolving my issue. Your team is trying to prove i am [REDACTED]. I decide to go for insurance cancellation,9.2.7,Android
565a99a7-8b42-480b-8f83-33e64f1bc12e,[REDACTED],1,unclassified,week_b,2026-03-12T22:50:37Z,"The app does not allow you to modify an order. When you click on talk to agent, no one calls you back. Lost a lot of money because of app glitch.",9.2.7,Android
525b4922-f6c1-4044-86c5-05fe6c9ebd43,[REDACTED],1,unclassified,week_b,2026-03-12T10:27:52Z,bahut slow hai aur watch list mai index add nahi hoo rahai hai,9.2.7,Android
6c017893-be13-4705-bfeb-77433c71f002,[REDACTED],1,unclassified,week_b,2026-03-11T14:08:07Z,Very Bad Castomar Support not helping customer service😭,9.1.6,Android
1d542bb5-9dac-4119-90e6-7336b8e07311,[REDACTED],1,unclassified,week_b,2026-03-11T11:00:49Z,"7.5 percent is charges for MTF in advertisement but 15 percent charges getting deducted. Unable to contact the customer care number. Indian stocks department, to get resolution for my issue",9.2.7,Android
bfd687ef-6c3e-4719-ba7b-5c5fc9e3093e,[REDACTED],1,unclassified,week_b,2026-03-11T04:48:42Z,"Money Trapping App, Do not Make international Investments",9.2.7,Android
c215b0ba-9188-452d-a38a-fb0dd3c36ad0,[REDACTED],1,unclassified,week_b,2026-03-10T22:25:55Z,most frustrating experience taking 6 days to deposit money from bank account after debit . this kind of bad services getting from this app,9.2.3,Android
2a8c6bc4-ae93-4589-8210-101ceb398ce1,[REDACTED],1,unclassified,week_b,2026-03-10T19:16:48Z,"New update dated 5th march is terrible, line patterns are not accurately showing in graph. So many useless changes done which is irritating towards the easiness of trading!",9.2.3,Android
73d255f0-d1f7-4736-8beb-3a34fda1097c,[REDACTED],1,unclassified,week_b,2026-03-10T17:38:58Z,the refresh option of external portfolio has become absurd. earlier it was just an OTP and it automatically refreshed. now some QR code is generated and it has to be uploaded in the call function please revert back to the previous option,9.2.7,Android
2860bf26-05f5-4bbb-bbcb-44a54bb98952,[REDACTED],1,unclassified,week_b,2026-03-10T12:04:56Z,"just go with grow or anything else , i bought something and it got rejected but there is not any feature that tells me that where my money is gone , what i bought and at which step it got stuck.",9.2.7,Android
623a8f60-aeea-4420-9926-12a7264ffa67,[REDACTED],1,unclassified,week_b,2026-03-10T10:50:16Z,"too many updates, can't use the old version have to update everytime",unknown,Android
f6aff1db-94d8-458a-ba86-642d3eb3fb63,[REDACTED],1,unclassified,week_b,2026-03-10T10:31:28Z,mujhe Laga federal Bank ka account open karna bada asan hoga Ind money app se par aaj dekh liya Aaj ye app install karna hi Sahi rahega 🥹,9.2.3,Android
0fb7fb5b-5b3e-4418-8b8f-6b05d65fb221,[REDACTED],2,unclassified,week_b,2026-03-10T09:25:16Z,not option to download holdings report for mutual funds,9.2.7,Android
f318246c-4afb-4f4c-8ac0-bc39a916e39c,[REDACTED],1,unclassified,week_b,2026-03-09T22:40:31Z,"we didn't recommend to use this Application for trading in us market because they didn't provide any other option to add money his have a limited option 1. ICICI HDFC, AND FEDERAL BANK THEY not have UPI and any other bank like SBI , BOB , PNB, Etc",9.2.3,Android
18e0c3f1-b317-40bf-b782-ec51907f270d,[REDACTED],3,unclassified,week_b,2026-03-09T08:29:40Z,"it always want to fetch gmail as your email address, though i have other email as my primary email, this is a flaw , also securities are not easily searchable charts are outdated..",9.1.7,Android
64c6ba41-78b4-4c72-b9a4-517ef341ee29,[REDACTED],1,unclassified,week_b,2026-03-07T21:22:03Z,most buggy app in existence of internet. I am [REDACTED] to any investments. it just show please update your kyc and when I click the button it show it's successful but issue persist.,9.2.3,Android
23a83411-0809-41a1-ba02-8106d0d72ace,[REDACTED],2,unclassified,week_b,2026-03-06T17:58:59Z,not sure why it's not compatible with tablet I have app on mobile but want to use it in table as well,9.2.3,Android
6fa62d14-3b9f-4655-a266-d956a755ccc7,[REDACTED],1,unclassified,week_b,2026-03-06T13:31:41Z,"You can't invest in stocks if you don't have their partnered bank accounts like ... HDFC, and ICC ... you can't pay with SBI or any bank account which max indians have",9.2.3,Android
92737e92-d32a-43f4-a55d-9c5e93ca4716,[REDACTED],1,unclassified,week_a,2026-03-05T22:58:06Z,"Dedicated SIP tab at the top of the app. Under My US stock -> Details , Another SIP option Under My US stock -> Transactions -> A small SIP tab Under Order tab -> There is one more SIP tab. I dont know which one is exact SIP i can pause / modify the amount. Which one is right transactions details. Its 'SIP' every nook and corner of the app . Looking for modifying the SIP amount for last 30 minutes. Why cant keep things simpler.",9.2.3,Android
e55fb0ac-9b03-4a37-8cd9-c10bec56f0f9,[REDACTED],1,unclassified,week_a,2026-03-05T15:34:04Z,"customer service is getting worst day by day. no responses on whatsapp, when you call the toll-free it just says everyone is busy call back later",9.1.7,Android
8edb2987-d756-4a7b-b290-4a168791d9be,[REDACTED],1,unclassified,week_a,2026-03-05T15:02:50Z,"bhai log ye app third class se bhi ghatiya hai,,, krupaya aap log iss app se trading na karo bahut hi lagg karta hai... aap apna capital mat gamao... mene mera sara SIP cancel kar diya hu... capital gavana chahte ho to please please iss app se trading mat karo... it's my humble request for all traders....",9.2.3,Android
c1c571ea-bf6e-4e28-acf2-6711d8320179,[REDACTED],2,unclassified,week_a,2026-03-05T08:50:07Z,need to include average NAV in the mutual funds. no charts available displaying the amount invested and current NAV please include in the next update.,9.2.3,Android
6f42bc76-76b5-438d-a2f1-9786a68ba691,[REDACTED],1,unclassified,week_a,2026-03-05T08:33:56Z,No SIP Details Found in Individual Mutual Fund Order Section. Earlier There was a Dedicated section of SIP. It Should be Back. App Downgraded itself in Terms of Features.,unknown,Android
9ccdea36-4739-452c-8e3d-4fd3cb6e8f00,[REDACTED],1,unclassified,week_a,2026-03-04T10:41:09Z,Don't use this app because It is written daily reward but does not give daily reward,9.1.6,Android
b1928b45-5426-41dd-b0b8-5256aabe4f10,[REDACTED],1,unclassified,week_a,2026-03-03T11:37:26Z,I am [REDACTED] completed My kyc. I filled all details correct but always showing incorrect. very bad service. I was trying service centre but no response. how to contact. no number for specific person. very bad 👎,unknown,Android
34f2cb92-2574-47b3-bd5f-e1a64aa24a10,[REDACTED],1,unclassified,week_a,2026-03-02T21:39:56Z,"worsr app. doesn't allow to buy fractional shares at limit order price. when you try to set limit order, it goes directly to number of shares and not the fractional amount of shares for the dollars we have. if we try to set it, it resets everytime. lost money due to multiple transactions on a single stock. and if you wish to buy fractional shares for the dollars you have then you have to buy blindly for the amount it is trading, no option to set limit order. was available before but now removed.",9.2.3,Android
a5944b26-ed09-4471-886f-ff8903a267d4,[REDACTED],1,unclassified,week_a,2026-03-02T20:44:32Z,App doesn't have UPI for adding money. What a surprising feature the India runs on UPI and INDMoney Itself provides UPI but they don't support adding money through UPI.,9.2.3,Android
be36836f-54e2-4482-a3e1-964dd8106d89,[REDACTED],1,unclassified,week_a,2026-03-02T20:04:29Z,"most of time unable to purchase any stocks it keeps says ""something went wrong"" please fix this to retain your customers",unknown,Android
fa46d1c2-4324-4357-a4ff-0af0a71b0800,[REDACTED],1,unclassified,week_a,2026-03-02T17:23:03Z,"""Bahut hi bura anubhav! Main ek kisan hoon aur maine pehle hi bataya ki mujhe details yaad rakhne mein dikkat hoti hai. Maine apni photo aur PAN card sab bhej diya, phir bhi unke agents baar-baar wahi sawal pooch kar pareshaan kar rahe hain aur bank ke chakkar katwa rahe hain. Inka support system bilkul bekar hai, kisanon ki koi izzat nahi hai. Koi bhi naya banda is app par bharosa na kare. Very poor service!""😡😡😡😡👎👎",9.1.9,Android
82ea0c5d-bb11-49f6-b4bb-6d0b1badb4bb,[REDACTED],1,unclassified,week_a,2026-03-01T18:45:20Z,pathetic useless app. keeps updating ui and mess up portfolio tracking.,9.2.3,Android
e980fee7-e3b1-476c-af73-0b0f636324d0,[REDACTED],1,unclassified,week_a,2026-03-01T17:58:54Z,"Worst app, too many issues, not able to add other broker equity investments. No option to track all banks very very limited list of banks. Too many issues with tracking Mutual fund. Account Aggregator option not working.",unknown,Android
b8340167-2864-436c-98b4-b0e0957d91fe,[REDACTED],1,unclassified,week_a,2026-02-28T13:51:57Z,honest review. do not use. you will get 100 of call related to loan. not stay in peace,9.1.9,Android
9c8cd55d-2cd0-472e-bfc9-b20430690374,[REDACTED],1,unclassified,week_a,2026-02-28T09:42:55Z,Nice App but I can't open new account . this app not work with government bank sbi .,unknown,Android
8406ae3b-608d-4c5f-846b-6810c4cb79aa,[REDACTED],1,unclassified,week_a,2026-02-27T11:01:56Z,not able to modify pending orders. everytime I have to cancel and place new order to modify pending orders,unknown,Android
5d62e56a-667a-4026-9629-1cb36ed3c731,[REDACTED],1,unclassified,week_a,2026-02-27T10:21:14Z,"Very disappointing experience with the INDmoney app. Automatic trades are being executed without proper clarity or control, which is extremely concerning for any investor. This creates a serious trust issue. Additionally, the support team is not helpful and does not respond professionally. Instead of resolving issues properly, the communication feels dismissive and unhelpful. Overall, this has been one of the worst trading app experiences I’ve had. I would not recommend this application to any",9.1.7,Android
73172ba6-2984-4116-a257-9dfb86e66871,[REDACTED],1,unclassified,week_a,2026-02-26T21:25:36Z,I have raised a ticket 2 months back and the ticket is still not resolved . They keep asking me to send screenshots again and again but no solution is found. Ticket ID 2949013.,9.1.9,Android
dadf0862-6507-4a5a-91c4-2544449ff093,[REDACTED],3,unclassified,week_a,2026-02-26T20:47:03Z,"Doesn't /Unable to, track the NPS-2 portfolio, neither thru the email statements from Protean, nor thru the Accounts Agregator System..",9.1.9,Android
2ef9fd3a-3b68-4b43-8a53-1a685adbdefb,[REDACTED],2,unclassified,week_a,2026-02-25T17:23:17Z,"at the start of the day, the first candle does not get formed as it should instead it will just be almost static. after refreshing multiple times the candle finally forms on my mobile. I have seen this on my friend's phone as well",9.1.7,Android
7cb60622-6cf2-4ce6-88f1-90423b0850ea,[REDACTED],3,unclassified,week_a,2026-02-25T12:40:38Z,"1st major issue show what will be total profit or loss after taxes and charges in F&O dashboard or any format, it's deceiving to see when we make profit or loss which is shown on the dashboard is much lower in case of profit when we check the drop down where it adds up charges and taxes vice versa for Loss so fix this, it gives wrong assumptions and people may lose their capital. 2nd issue when we open tech charts or any stock or F&O when we are done with it and tap ""x"" it won't close ! fix ASAP",9.1.7,Android
2aac9685-abfe-4402-9311-73de51490b60,[REDACTED],2,unclassified,week_a,2026-02-24T21:50:14Z,find my stock very difficult to do letter all small,9.1.9,Android
e33c1550-afcb-443a-9db9-6548c0dd9a9c,[REDACTED],3,unclassified,week_a,2026-02-24T16:40:40Z,Here some fixed problems are there if we don't want to start F&O trading but still it provides popup and it blocks my shares data. otherwise in terms of Market and offered data is good.,9.1.7,Android
0b72beed-08c4-4d17-8a73-2ebafef5bf52,[REDACTED],1,unclassified,week_a,2026-02-24T15:21:17Z,"Looks like App doesn't want us to know XIRR of investments. There is no way in the app to see XIRR even though there is ""View XIRR & Analytics"" but clicking on it still shows absolute returns only 🥲",9.1.7,Android
2c2815fc-94fc-47b2-9a5f-b2c99835601c,[REDACTED],1,unclassified,week_a,2026-02-24T14:12:42Z,The account opening process is very easy but if you are going to close the account you will have to send the hardcopies of the documents. very lengthy process.so before using take this also in consideration.,9.1.7,Android
2a8c9715-e3bc-466f-822b-300f729e5cf5,[REDACTED],1,unclassified,week_a,2026-02-24T14:00:39Z,Checking some insurance options doesn't give you automatic permission to call me all the time. I never agreed to getting calls all the time. Then why the hell am I getting calls from you regarding insurance just because I was looking at it. If I wanted to I would have taken it myself. If I didn't that means I'm not interested in taking. So stop automatically sharing my number and using it to call me.,9.1.7,Android
39f9cd98-1aad-4bd2-b71e-126e798e0417,[REDACTED],1,unclassified,week_a,2026-02-24T09:11:20Z,"the new UI/UX really bad not clear on anything, why are you guys changing it so frequently, did we ask it ?",9.1.7,Android
3b0c8d6b-ad04-46cd-89e9-9867f39361d4,[REDACTED],1,unclassified,week_a,2026-02-24T08:24:01Z,for investing in us stocks is too complicated..for Indian stocks there are many options in market than how it makes you different.. couldn't start investing it foreign market,9.1.7,Android
6a90822c-eee5-4b1c-9697-061521a04f06,[REDACTED],1,unclassified,week_a,2026-02-23T22:31:24Z,"I can't redeem money invested via INDmoney, hopeless customer service. pathetic follow up and no solution 😡",9.1.7,Android
58a4bda2-62a1-4fe5-8dd0-3ebedadaa7eb,[REDACTED],1,unclassified,week_a,2026-02-23T17:38:07Z,"My sincere suggestion again - referral rewards are still being processed on a manual basis . This simply means that the referee has to write , intimate and submit all details of investment done by his referral. It is tedious , time consuming and not practical . Referee is supposed to track both - the person he is referring to and ur app which is processing rewards manually. other apps credit rewards automatically",9.1.7,Android
466e5894-9d94-45e6-892f-0953807c9674,[REDACTED],1,unclassified,week_a,2026-02-23T11:02:42Z,policy is not fair different account differ charges.,9.1.7,Android
a37f76be-c2c2-409d-93d8-b82d194028b6,[REDACTED],2,unclassified,week_a,2026-02-23T10:05:13Z,The worst part is the customer support... you can request a call back... but that's only a dream... you never get a call back from IND money...,9.1.7,Android
ff7be443-6984-4aa7-a98c-b90f9fe87dab,[REDACTED],1,unclassified,week_a,2026-02-19T09:38:14Z,I don't want your us stock voucher as a cashback. why every time I am [REDACTED] this?? else I will close this account,9.1.3,Android
f99193b8-3940-4247-814c-ea1eab430c3c,[REDACTED],3,unclassified,week_a,2026-02-18T17:14:35Z,worst this update because my stocks list interface very worst previous update super I want previous interface with company logo also total portfolio means All broker interface very very worst I don't like it I want previous interface......always old is gold I think this application provide many more time update that is big drawback,9.1.7,Android
ace5bc9d-d643-425d-8d3c-809225c358fe,[REDACTED],1,unclassified,week_a,2026-02-18T11:49:17Z,"F & O - They Are Taking Very High Charges, Compared To Other Platforms",9.1.7,Android
796fba33-f71c-4899-a027-434354953d5d,[REDACTED],1,unclassified,week_a,2026-02-18T07:00:01Z,"Where is the trailing stoploss feature for Intraday that the indmoney team stated in ""What's New"" description of App update?? Is the team really aware??",9.1.7,Android
b311d9e6-39fa-464d-bfe1-54ac0d4f8d64,[REDACTED],1,unclassified,week_a,2026-02-17T19:16:27Z,"Not gonna use it again, it's been 5 days I sent amount to my friend still neither he recieved or neither I got it back, complaint status on the page says resolution in progress, worst app although I am [REDACTED] complaint to npci for this",9.1.6,Android
9e42455e-a4fc-48e6-8869-67559ed9925b,[REDACTED],1,unclassified,week_a,2026-02-17T18:29:25Z,"I used to prefer INDmoney for its simplicity, but recent updates have made the application extremely difficult to use. What was once a clean interface is now cluttered with half-baked features that make basic navigation a chore.",9.1.7,Android
2205e081-34f1-41fe-838f-4134db4b5023,[REDACTED],1,unclassified,week_a,2026-02-17T15:21:56Z,f&o Charges different charges 5 ₹/10/₹/20₹to different people. not clear transparency.,9.1.7,Android
a9093869-004a-4eab-be0b-3ddcbc9e6f31,[REDACTED],1,unclassified,week_a,2026-02-16T17:32:57Z,"They froze a large sum of my funds from transactions and have been avoiding returning it, sending evasive, poorly written excuses over email. Customer service is terrible, hard to reach by phone, and email responses are slow and drawn out with unnecessary delays. I wouldn’t trust them with my money. Update: Promised my due amount in bank account, instead offering reward points for it.",9.1.1,Android
e3d96c39-ba00-436a-8b09-8606803d82d9,[REDACTED],1,unclassified,week_a,2026-02-16T17:16:31Z,"not worth the hype. didn't have even the basic features I was looking for. Searches showed it to be everything and a bag of chips. it is a bag of chips though, with 80% air. no offence to them who have praised it to the high heavens, for me it doesn't have the features I was looking for, and google said it had. Update- Someone from IM actually called. Big ups to them for this. 5 stars to them for calling to understand the reason for user reviews.",unknown,Android
87043227-9307-4cd7-bdba-5ec00af86c77,[REDACTED],2,unclassified,week_a,2026-02-16T13:02:28Z,"“The app has useful financial features, but the overall user interface needs serious improvement. The font size is too large, which makes the screen look cluttered and uncomfortable to view. The layout and overall design feel messy and not well-structured. It would be much better if the developers reduce the font size and redesign the layout to make it clean, simple, and easy to understand at first glance. A more organized and minimal interface would greatly improve the user experience.”",9.1.7,Android
de4b163b-be08-4cf4-be04-7efbb082968d,[REDACTED],3,unclassified,week_a,2026-02-16T11:52:24Z,"SUBJECT: Request to Improve Exit Button Safety and Add Commodity Segment The current one-click exit feature is very sensitive; even while scrolling through positions, an accidental touch can trigger an unintended exit. Introducing an additional confirmation mechanism would significantly improve trading safety. Additionally, the absence of the commodity segment forces users to open another demat account with a different broker. kindly review my request and awaiting your response",unknown,Android
73df1fbe-8a38-4b3e-942e-12ca9f8571ef,[REDACTED],2,unclassified,week_a,2026-02-16T08:58:39Z,"fraud app don't invest , spend money in save plus but they have not even returning the principal amount proper",9.1.6,Android
394686ee-b326-4e32-a25f-103a6bd27d96,[REDACTED],1,unclassified,week_a,2026-02-15T23:54:39Z,I am [REDACTED] with the customer support I am [REDACTED]. I am [REDACTED] able to withdraw my funds for more than 2 weeks now.,9.1.6,Android
c13ff359-dd00-4b08-baf4-c2120696fe9a,[REDACTED],1,unclassified,week_a,2026-02-15T17:58:14Z,"I was the one who requested for dark mode in the app and thanks for fulfilling my request. However, I recently saw that IND Money shares our personal data to third parties.. Plz STOP this else like me many other users will loose trust and will discontinue your platform at earliest. SO STOP IT ASAP!!",9.1.7,Android
2e5af331-dc33-4cf9-943d-79249028671f,[REDACTED],1,unclassified,week_a,2026-02-15T14:39:54Z,"I cannot add Employee Provident Fund details for those employees whose employer manages the funds by the trust and hence they do not issue a UAN number, there should be an option of manually adding the details",9.1.7,Android
6813342e-379c-4abf-85f9-2497be8d17e0,[REDACTED],1,unclassified,week_a,2026-02-14T20:41:51Z,Why i cannot download this app in my Samsung S9+Tab,9.1.1,Android
90ac300b-2f26-455b-b61a-24c77e6e6b2b,[REDACTED],1,unclassified,week_a,2026-02-14T10:01:12Z,"guys ihave loss 5L due to the techical issue in INDmony app on 2nd feb that day was unable to exit my position and i make huge loss & same issue has been accepted my CEO of INDmony by mail, now im asking for redound then they are saying NO we can initiate for refound Dear be careful while using this app.... good luck",unknown,Android
ff8f3dc2-c5cc-465d-8041-4403cfbcf079,[REDACTED],3,unclassified,week_a,2026-02-14T09:22:25Z,XIRR Shown in Each Mutual fund while checking individually. but not shown in My Fund Tab Filter output. Update it.,9.1.7,Android
c156f255-9615-4acb-a6c4-d414204585f7,[REDACTED],1,unclassified,week_a,2026-02-13T16:09:16Z,Worst app experience in terms of reports generation Zerodha & Groww are excellent in this case,9.1.6,Android
25fdd235-e29f-4172-947b-8db40081e75b,[REDACTED],1,unclassified,week_a,2026-02-12T18:19:44Z,"Pathetic app, there was an error in the FO section due to which it was showing profit for my account due to which I exited the positions immediately and afterwards when it was rectified my account showed a loss of 80K and taxes are separate on this, the INDmoney team is now trying to play smart by providing the reimbursement for the average of the previous day and present day, whereas the whole thing has been caused by them due to being incompetent with their services.",unknown,Android
83d09b6e-3fe5-4d21-80d1-48ab5b0ed6b6,[REDACTED],1,unclassified,week_a,2026-02-11T21:52:01Z,"money withdrawal problem, as per there app or site its takes 2-4 working days, i requested on 10th, it shows me 17 feb, 10 11 12 13 4 working days but they wont transfer they will use sat sun and US holiday on 16th as an excuse, so beware ur money wont come easily to u, i doubt will mine come or any other excuse.... i tried talk to customer support they opened a ticket then closed it without solution or answer just keep me waiting we will call u in 15 min.",9.1.6,Android
c1e899ed-7474-4333-9e47-7f2add3e8dc8,[REDACTED],2,unclassified,week_a,2026-02-11T20:39:50Z,Not much good app. Had some technical issues like on recent days I was in a Trade and Application got Crashed and I didn't have any option to square off my trade. My losses gone big due to technical glitches which is repeatedly seen till today.,9.1.6,Android
20662111-9217-46fd-9fd3-8b6982376629,[REDACTED],1,unclassified,week_a,2026-02-11T13:23:15Z,Why is sorting by returns removed from US ETFs in this version? Not happy with this update. That was very helpful in exploring US ETFs,9.1.6,Android
38c8cccf-2087-48d6-b058-252f59875ccc,[REDACTED],2,unclassified,week_a,2026-02-11T10:05:36Z,worse app frequency showing wrong value still it's showing wrong last week they have cloud issue maybe same going on now,9.1.6,Android
35f8eb37-3a00-4624-96a5-9b726ac924e6,[REDACTED],1,unclassified,week_a,2026-02-11T08:40:36Z,worst experience on the application mostly all the time i faced issue on the app and raised tickets but never get any call on time all the time got the TAT for 15 min for callback but they don't call and I'm not able to withdraw amount on my account fraud application,9.1.6,Android
2d9fbfe6-c13a-4566-a26b-a69b20371333,[REDACTED],1,unclassified,week_a,2026-02-10T14:49:18Z,Poor support and deposit keeps getting rejected even after fulfilling all their terms and conditions. It's been 8 days I am [REDACTED] to deposit on this stupid application.,unknown,Android
59fcf57e-f179-48a7-8c45-7dd3d63fbb60,[REDACTED],1,unclassified,week_a,2026-02-09T21:11:34Z,pahale ka app acha tha update baad bahut jada kharab or kathin ho gya hai,9.1.6,Android
6ee3e981-ac65-44d9-9efc-84074c2e6ed6,[REDACTED],1,unclassified,week_a,2026-02-09T19:48:51Z,"worst app. misleading claim about cashback. instead of cashback they give 5$ is stocks, which is not useful to many users. I am [REDACTED] and uninstalling this useless app.",9.1.6,Android
3f82ccd0-3ac0-4682-b87c-fadac350efa4,[REDACTED],1,unclassified,week_a,2026-02-09T18:18:22Z,"showing Absolute returns, is it not false info sharing and Clock bait scam",9.1.6,Android
c4a83e34-0fb0-4ac7-93b3-0d481afe6b87,[REDACTED],1,unclassified,week_a,2026-02-09T15:02:16Z,worst app trade is not executed at time and i lose all my profits everytime,8.8.8,Android
537eb381-92f7-4464-9a22-f9a588dd1296,[REDACTED],1,unclassified,week_a,2026-02-09T12:56:15Z,"fraud company... Earlier they used to say that you will get reward on recharging. One task is completed, while giving the second task, deposit ₹10000 in the account.However, rewards are not guaranteed.",9.1.3,Android
7fe71d3a-184c-4eac-9b90-2f9a6555fcc8,[REDACTED],3,unclassified,week_a,2026-02-08T13:22:48Z,"Reporting a UI rendering bug on the tablet version. In the top navigation bar where the active scrip tabs are located (e.g., HINDZINC), the text labels and the ""X"" close buttons are misaligned and overlapping. ​Specifically, any annotations made in this header/tab area are not showing up correctly or are being cut off by the UI layer. This makes it impossible to manage multiple tabs or use drawing tools near the top of the chart. Please fix the header scaling for tablet layout. Redmi Tab 2 pro",9.1.3,Android
7ddf1277-6dcf-4a2f-8602-01bd050f14cf,[REDACTED],1,unclassified,week_a,2026-02-08T13:10:14Z,The costing is very high with respect to delivery based trades. The company response to queries is very stubborn.,9.1.6,Android
9b5b1d0e-f08d-4f87-aff2-0671bd7ddcfe,[REDACTED],1,unclassified,week_a,2026-02-08T11:42:43Z,froud app guys.. your money will be dump in it.. like he did with me..,9.1.6,Android
8f73a940-acab-4485-a821-398fc9aa22ed,[REDACTED],2,unclassified,week_a,2026-02-08T11:37:38Z,not a good experience one time my app stopped working i purchased stock mtf i raised ticket solve this till that time loss was increased. Not good at all,9.1.6,Android
18975f9d-ecc2-489b-a8ba-c2f57ef89aba,[REDACTED],1,unclassified,week_a,2026-02-07T10:43:30Z,To buy US stocks i am [REDACTED] to add money using my account but it allows only HDFC Bank and ICICI Bank account or asking me to create a savings account of federal Bank... Pathetic Experience...,9.1.6,Android
bae77136-6fec-4f51-bf89-107b44edc18c,[REDACTED],1,unclassified,week_a,2026-02-06T15:44:09Z,"When I was about to make a profit and sell it, it crashed. Their team contacted me regarding refund. But they closed it saying there was no open position at that time. I was in profit and about to exit when this app stopped working and when it started working i was in massive loss. so my question is how I wasn't in open position. they denied it straight and refused reimbursement. i have purchase history from that day and also sell history which was done next day due to expiry. Ticket ID 3035977",9.1.3,Android
45ff4070-5b20-40ad-9d75-c397b206992b,[REDACTED],3,unclassified,week_a,2026-02-06T14:08:22Z,"redesign app use light colour in application dashboard and all features on home screen like dhan application or hdfc sky. and also consider brokrage charges for india and us investment. application also work slow , app logo also redesign to attractive.",9.1.3,Android
139482a7-aeaf-44e2-881b-5f725710de33,[REDACTED],1,unclassified,week_a,2026-02-06T10:59:12Z,I used to use app to tract and understand daily movements in Markets but its just a trading app and new is really bad so much whitespace and only showing and nudging to buy stocks. It has lost his way of showing market view and the daily gainers loosers was a really good feature that they got rid of.,unknown,Android
0d817ab5-00aa-4bd8-b4c9-87e32f94fd01,[REDACTED],2,unclassified,week_a,2026-02-06T06:55:18Z,app is good but it's font size very small no body can read fast or not clear visible so I would suggest give setting of font size and other theme settings in this app,9.1.3,Android
bd831bcf-6c07-41cd-8b2b-88ee03396d52,[REDACTED],1,unclassified,week_a,2026-02-05T14:01:38Z,worst app due to this app i am [REDACTED] my money stuck application did't show net position at price I wasn't able to exit at price and losing money due to only this application,unknown,Android
76deca6b-bb43-4ac5-8391-c45a86275ae3,[REDACTED],1,unclassified,week_a,2026-02-05T09:25:51Z,I did a trade in options for scalping and then their server crashed and I cannot exit my order. I had a huge loss. I tried to connect with their customer support and still hadn't gotten any reply. worst trading platform. Update They first said that they will reimburse the amount that I have lost during their server crash then they said that they cannot reimburse the amount so they will give me 2 month free brokerage and they still didn't provide me that. So please never use INDmoney,9.1.3,Android
6926916b-b81a-4548-a76d-cf588eadd5df,[REDACTED],1,unclassified,week_a,2026-02-04T21:03:46Z,"One of the worst experiences. There was a technical issue on the app on Feb 3. And that is why, I've had to incur huge losses in F&O trading. Instead of helping me with this issue, the team has refused to issue any refund. This was very unacceptable since I'm forced to take this loss which wasn't even my fault in the first place. Not going to use it again, ever. It doesn't even deserve one star👎",9.1.3,Android
c381694d-122a-4e81-948e-6ed15c6ce3d7,[REDACTED],1,unclassified,week_a,2026-02-04T19:30:53Z,ye log call nhi krte aur unka number bhi nhi h ap email kro uska bhi jawab nhi dete aur apka paisa kahi fass gya ho to ap hi pareshan hoge ye log bat krte nhi to ye soch lo,9.1.3,Android
6bd9f982-98f0-4702-8469-c44155db283d,[REDACTED],1,unclassified,week_a,2026-02-04T16:45:53Z,"I am [REDACTED] to add money into my wallet from the bank. Getting an error saying the amount should be greater than one. I logged a ticket 2 weeks ago with a screenshot and no response yet. Such a delay, I am [REDACTED] like opening another demat account with another provider.",9.1.3,Android
679a853d-5182-4cee-affa-7d3f8d511ed7,[REDACTED],1,unclassified,week_a,2026-02-04T01:29:27Z,The recent update in UI has completely destroyed the app from being the best. Earlier it was easy to explore the market and stocks but now on it's a bunch of stupidity.,9.1.3,Android
d3200d74-bfed-4024-aaf1-f6948eb2cd41,[REDACTED],1,unclassified,week_a,2026-02-03T22:11:25Z,Fraud app. Over charges you in name of transfer charges and damn slow process for withdrawal. Would not recommend to anyone. Better buy an us etf listed on indian stock market.,9.1.1,Android
53e17fd3-3aa2-4fd1-8a24-226783727fb0,[REDACTED],1,unclassified,week_a,2026-02-03T20:13:34Z,New update screwed the whole UI of stocks screen. Bring back the old ui. the new one sucks so bad yuuk,9.1.3,Android
4f1877bd-436e-4271-99f7-218640ecc942,[REDACTED],1,unclassified,week_a,2026-02-03T18:25:57Z,Very disappointed. App crashed on 2 February during intraday treading. Orders placed automatically. worst experience. I think they are getting fake 5 star ratings. Real life experience is below 1 star.,9.1.3,Android
5ad9c37c-a8b6-4302-a928-a794509f689c,[REDACTED],2,unclassified,week_a,2026-02-03T17:23:57Z,App is glitchy and have fluctuations at times ( even yesterday as well the app was no responding for 30mins) in morning session. when you move from wifi to mobile data it takes 1-2 mins for data to get synced. many times the stop loss is not executed and not updated and refreshed after you modify it. also many times the stop loss dosent appear the orders. The issue of Stop loss has been observed many times. ticket raised without any resolution.,9.1.3,Android
a76823d2-56eb-45d5-9920-46b04930f857,[REDACTED],3,unclassified,week_a,2026-02-03T16:51:25Z,Your app does not have the facility to trade in the commodity market.,9.1.3,Android
86a0174c-9ae4-439e-9860-5fcd88fa71be,[REDACTED],1,unclassified,week_a,2026-02-03T16:41:39Z,"Due to a technical glitch on this app.I have even complained but I have not received my loss yet, so this is [REDACTED] right at all.",8.9.9,Android
c0203b91-62b7-43ad-972d-62458fd9797e,[REDACTED],1,unclassified,week_a,2026-02-03T12:20:41Z,So many bugs Blind Testers Absolutely zero support,9.1.3,Android
91c3d7ef-d54f-4200-9c83-fa7fffaa87be,[REDACTED],3,unclassified,week_a,2026-02-03T10:42:23Z,"Reducing to 3 Star as The New Update Dark Theme, Doesn't support EPF, PPF Page Properly, It's impossible to see digits in Dark Theme, Please Improve that.",9.1.3,Android
f75f592c-9e31-4888-9ecb-ec09a1ce1881,[REDACTED],1,unclassified,week_a,2026-02-02T14:55:58Z,without information mtf money block and my order square off in these aap do not install app and not provided solution please do not install in these aap Why would I incur a loss on the person who squared off my trade and you will take your profit?Give me ur compansate,9.1.3,Android
b5b4ab1d-bdba-472a-9621-53429237dbd7,[REDACTED],1,unclassified,week_a,2026-02-02T11:03:44Z,"Funds deducted but MF not credited or even shown as pending. Contacted customer support, Head of Client Servicing, and Compliance Officer—all routes lead to the same recorded calls and slow, useless WhatsApp links. Promised quick support during account opening, but now even a ticket with a 15-min callback got no response. Unacceptable handling of customer money. Not trustworthy.",9.1.1,Android
4377d571-8842-48fa-ba2b-6f946acfc216,[REDACTED],1,unclassified,week_a,2026-02-02T10:10:38Z,entire one hour on 2nd feb app wasn't working and no contact center to connect with...and at the end of the day I am [REDACTED] loss that due to your downtime or something I was not able to sell my shares on upside...such a pittyful experience,unknown,Android
c638a03d-3b1f-42d2-a40a-c087eb2c33f3,[REDACTED],1,unclassified,week_a,2026-02-02T10:04:53Z,very bad application ... every time very slow and surver issues,9.1.1,Android
a66eaabc-8d27-4d86-9240-ac2be77fe828,[REDACTED],1,unclassified,week_a,2026-02-02T10:02:37Z,in f and o its got stuck in added the money now screen is showing something is broken i cant exit my position,9.1.3,Android
ea76c479-3383-40b2-9ae4-1de32547336b,[REDACTED],1,unclassified,week_a,2026-02-02T09:48:54Z,"update is really not working, very lag and not loading of stocks",9.1.3,Android
836dda9c-11b9-4569-8fc3-fa5eef7efd23,[REDACTED],1,unclassified,week_a,2026-02-01T16:15:08Z,trading experience in ind money is becoming worse from poor. Ind support team is full of cheaters if you raise any query message shows agent will call in 15 min and this 15 min becomes 1 day 2 day and then a week but no response and after that they close your ticket as resolved that's really shameful of Ind support team,9.0.2,Android
00f1be6c-9ec5-4467-b427-0a283aefefc2,[REDACTED],1,unclassified,week_a,2026-02-01T10:33:25Z,"worst app and is difficult to acess and slow process, in share market will need micro seconds acess, but this app wats minutes, 0* rating indmoney 5* rating GROWW",9.1.1,Android
ecc30942-9a4a-4781-ab02-2c7297469d1d,[REDACTED],1,unclassified,week_a,2026-02-01T06:38:27Z,worst application. they are saying that they pay the bill and get a reward of 5$. I have paid a bill and didn't receive it. do not use and download this to waste your time.,9.1.3,Android
e463bc03-1fee-4f9e-8361-b9d695cd08de,[REDACTED],1,unclassified,week_a,2026-02-01T02:39:02Z,"INDMoney is a joke. Silver crashed 30% yesterday, the silver price in PhonePe (used by all Indians to purchase silver) is Rs. 308.21, while the silver price in INDMoney is 410.9. Hence the Portfolio is showing very elevated price. Though repeated request over a long time, this issue has not been yet solved. Whoever managing this app is an absolute idiot. You people should understand that the reason why we use INDMoney is not to buy stocks but rather attracted by the Portfolio tracker. V hv zrd-",unknown,Android
1768ad1d-3a92-476b-9be6-8b80925904f9,[REDACTED],1,unclassified,week_a,2026-02-01T02:15:34Z,"For credit card bill payments minimum bill payment amount doesn't show like it's available on other apps like cred, cheq, Amazon pay, etc",9.1.1,Android
57e414b6-8ea8-4c1f-a902-2608c45c4097,[REDACTED],1,unclassified,week_a,2026-01-30T23:45:36Z,iam having latest Android 16 tablet.one plus pad go 2. but still its showing that your device is not compatible for app,unknown,Android
73e517e0-f0e0-42ff-9a73-5dd0c4e56562,[REDACTED],2,unclassified,week_a,2026-01-30T15:46:05Z,"Talk back is not working, it has become inaccessible for visually impaired people. Please get it resolved.",9.1.1,Android
8dea48df-a168-429e-90bc-26e6f9f4efdc,[REDACTED],1,unclassified,week_a,2026-01-30T11:35:38Z,no coustomers support Don't use this app it's just scam,9.1.1,Android
70fe899e-9e33-4695-861a-e44982124ab2,[REDACTED],1,unclassified,week_a,2026-01-29T23:26:06Z,app after updates app looking like a crapp I sent an email to mentioned email id please check and resolve as soon as possible,9.1.1,Android
f1361dc1-a5bc-43b6-91b4-d75f1e3125bb,[REDACTED],1,unclassified,week_a,2026-01-29T23:20:40Z,US stock amount of rs. 30000 automatically deducted from my account without my permission. and still not getting refund. when I get the refund? It looks like a fraud,9.1.1,Android
848c0792-f58a-4b3b-8948-38ea91feef84,[REDACTED],1,unclassified,week_a,2026-01-29T22:37:22Z,I'm trying to complete kyc with federal bank for 3 4 days but unable to complete it. no agent will join to complete kyc . and if you raise the ticket they will just mark it resolved without even solving the issue. i could have given negative ratings unfortunately it doesn't have negative ratings.,9.1.1,Android
c0cdd411-cdf1-4aa7-a739-377756e3657a,[REDACTED],1,unclassified,week_a,2026-01-29T22:25:08Z,option chain is not showing its flickering today after I update the app .. now I uninstalled and re installed the app the problem is not solved.... gud this,unknown,Android
10f84d5a-b00b-4a5f-aaa6-dfa1ac2aad61,[REDACTED],3,unclassified,week_a,2026-01-29T21:09:00Z,after recent update cannot refresh list of particulat group of stock at a time which was better in older versions abd it's taking time to reflect it in real time now in US STOCKS please check and make it older version which good user interface now it's very difficult each we have to come to home page to refresh it,9.1.1,Android
47be086f-3167-48e9-bbe1-222817f0624e,[REDACTED],1,unclassified,week_a,2026-01-29T11:25:14Z,This app Very very bad. 👎 Because there is too much charge. Withdrawal process is also very difficult. Don't use this app .😔,9.1.1,Android
3e08c879-d95c-4b16-a5e0-0431c8c181cb,[REDACTED],1,unclassified,week_a,2026-01-28T18:22:48Z,i am [REDACTED] upset with the service from the past one week i am [REDACTED] able to reverify my bank Account for upi.because of the bad interface i am [REDACTED] design.i am [REDACTED] otp but I don't know want kind of interface it has that it's unable to detect my otp .I am [REDACTED] happy at all,9.1.1,Android
73f58dac-54a1-48fd-959f-94a46b7284c9,[REDACTED],3,unclassified,week_a,2026-01-28T10:48:39Z,This is [REDACTED] worst app to trade. Orders don't execute properly by saying u don't have enough balance instead of having lot of balance in the wallet. Disappointed..,8.8.5,Android
9d046722-69f4-4078-9d01-0e927395e102,[REDACTED],1,unclassified,week_a,2026-01-27T22:49:51Z,Pathetic app. still waiting to withdraw capital and waiting to close the account as soon as possible.,9.1.1,Android
29e7b96d-7f05-4dfe-9774-c6839a12891f,[REDACTED],1,unclassified,week_a,2026-01-27T17:52:56Z,"very poor customer care. if your money is stuck,u will be no where . no agent to talk to you. just automated response. I suggest use another app for us investment. all paid promotion going on to trap customers.",9.1.1,Android
72a5ec6a-d36f-42b7-9041-d49c6c33500b,[REDACTED],1,unclassified,week_a,2026-01-26T23:04:49Z,"need a lot of improvement in UI, special in holdings plz take help from kite app",9.1.1,Android
ffe18d87-7efe-483d-a0a2-4695571ac666,[REDACTED],1,unclassified,week_a,2026-01-26T15:43:22Z,"why do you need access to my email? there is too much of personal information you are asking for, there should be an option to proceed without email access, but your app is not allowing that",9.1.1,Android
0654cb36-4334-4b3c-a580-74ffc5d54e2b,[REDACTED],3,unclassified,week_a,2026-01-25T12:16:04Z,"while searching for a stock from search bar, the current price movement percent used to show in the search result now it's not showing since last few updates. Now we have to open the stock to see the price movement. pls bring back that it was very useful. we didn't have to open the chart to see the movement",9.1.1,Android
d58e8ccd-54de-42ab-928d-9511eaa26348,[REDACTED],1,unclassified,week_a,2026-01-24T21:32:47Z,"Had a really bad experience. Thought it would be straightforward to invest in US index. But was put through a loop of money into wallet, then into federal Bank, and then the SIP through my Indian Bank. I don't know where my money is, whether I have got any index ETFs, and God knows how many approvals I have given. Won't recommend this.",9.0.9,Android
7de09fb6-2cb7-45cb-8c93-d9b9475b6e04,[REDACTED],1,unclassified,week_a,2026-01-24T16:00:14Z,"This is [REDACTED] worst app. It repeatedly faces withdrawal issues from the wallet, lacks transparency in transactions, and allows only one withdrawal per day.",9.1.1,Android
2aaaa918-05e3-44e2-85b7-49575cb028f7,[REDACTED],1,unclassified,week_a,2026-01-23T20:05:43Z,"Fedup with this ""Unable to process your request. Please try again later. Bad customer care support.. Raised ticket, got no reply... SBM ACCOUNT FUNCTIONS LIKE A ONE WAY MONEY TRANSFER, ONLY FOR RECEIVING MONEY BUT WHEN YOU TRY TO TRANSFER FUNDS, IT BECOMES INACTIVE.. SERIOUSLY DISAPPOINTED AS MY MONEY is STUCK.,.",9.0.9,Android
a92d0b1c-acae-4347-94f6-a556cbeb62fb,[REDACTED],1,unclassified,week_a,2026-01-23T18:22:22Z,"This app aggressively promotes holding US stocks, each and every time I open it. Many times it suggests enabling F&O too. This is [REDACTED] irritating and there is no way to opt out of this promotion. I assume you just want retail investors to go bankrupt; you just need your commission.",9.0.9,Android
15744a50-001f-4047-bd3f-70c6e05d3379,[REDACTED],1,unclassified,week_a,2026-01-23T12:32:35Z,"Beware of these less transparent app !! I am [REDACTED] this review after 2 years of using it . I'm that kind of person who values reliability more than profit. I have done trading , sip, equity, US stocks EPF. One thing I know now that they only value their own profit. there is no transparency. They don't even have support system that is easy to access. Cheap Activity they do : - If you have bought a trade at Rs 9 now even after 100 points went it will not move to even 10.",unknown,Android
c688dac8-a01c-4c4e-872e-a29fbfd7d495,[REDACTED],1,unclassified,week_a,2026-01-23T09:20:33Z,very bad experience.I can't execute my sell order on time.it hangs .i plungs into huge losses..I will complain to NSE,9.0.9,Android
3a434bd5-710d-4882-8fc8-3f4109e3abb8,[REDACTED],1,unclassified,week_a,2026-01-22T13:39:02Z,worst application basic thing you won't get sach s worst experience,9.0.8,Android
bfcba85e-d1ac-4446-bc1f-3212837ea5c4,[REDACTED],1,unclassified,week_a,2026-01-21T23:47:02Z,"it Now needs access to all your SMS!! cover it up saying Bank validation, you can validate in many other ways....take my DNA, blood test and urine samples also.. say it's for validation...!!",9.0.5,Android
f80be1ef-bbec-4842-a2d6-81e9bf7a3407,[REDACTED],1,unclassified,week_a,2026-01-21T18:37:01Z,I have union Bank account and I can't add money in us stocks 🤡,9.0.5,Android
2e7ec053-9705-4664-9c93-d2a883b5c530,[REDACTED],1,unclassified,week_a,2026-01-20T16:43:16Z,"showing wrong information on home tab and without tracking other fund (means if you other MF account just like Paytm money, zeroda MF ) IND money is tracking that amount then only you are able to refresh the you MF portfolio amount. I am [REDACTED] all data theft from IND money very bad app",9.0.5,Android
9bfcea5a-0348-487c-8b35-762b78d72dd3,[REDACTED],1,unclassified,week_a,2026-01-20T14:04:48Z,Most Worst Apo of India Mai 500 rupees Add Kiya But Mera Paisa Kaat kiye Ye log Please Iss ghatiya App ko koi Download Na kare,unknown,Android
97e262e8-79ce-4966-902f-6f5db41c43c5,[REDACTED],1,unclassified,week_a,2026-01-20T09:22:27Z,it would be better if it would partner up with any other banks than federal Bank. pathetic experience while completing v kyc verification. always failing even though I had a stable internet connection and descent device.,9.0.5,Android
5b3980f9-dde4-4b2c-a64a-671c91659437,[REDACTED],1,unclassified,week_a,2026-01-20T03:12:39Z,this is [REDACTED] I'm using last few months just for upi service this is [REDACTED] upi service so so so disgusting and no useful no assured cashback get just nonsense service no one use upi service of this aap guys bekar service,9.0.5,Android
7cfa22f4-f7de-4e66-9a31-187c3324b61e,[REDACTED],1,unclassified,week_a,2026-01-20T01:12:59Z,at the time of advertising in insta it showed 5rs per order for f & O and after creating Account its 20 per order completely disappointed,5.6.0,Android
0f9dc60e-9f1c-4fa9-b081-edf16f9412e5,[REDACTED],1,unclassified,week_a,2026-01-19T14:53:38Z,difficult to operate much more difficult to take money out Other apps are much better,9.0.5,Android
d6d59485-2192-4787-a63a-0f3fff2bf47c,[REDACTED],2,unclassified,week_a,2026-01-19T13:20:34Z,very worst every time saying update the app disgusting,9.0.5,Android
d3565d23-af10-4038-b687-0c0f9281577d,[REDACTED],2,unclassified,week_a,2026-01-19T11:57:51Z,Very complex ui. Difficult to operate. Cent see PnL on screen MTF page is also very complex. (groww n zerodha are way better than this),9.0.5,Android
45358bab-01b9-471f-9ede-04bd962728f0,[REDACTED],2,unclassified,week_a,2026-01-18T15:15:00Z,The exit load is too much for Mutual Funds. Fisdom has better options. Indmoney is the best app to check the progress and not usable for investment. too much of charges. The rest is fine.,9.0.5,Android
094f3325-00e4-4997-872f-6caec6980697,[REDACTED],1,unclassified,week_a,2026-01-18T11:42:41Z,"Why the hell do you need permission to read my emails, personal data. Uninstalled it without creating an account.",unknown,Android
78412f5c-5c7b-41c2-8d98-f6fa2a491a7f,[REDACTED],3,unclassified,week_a,2026-01-17T11:00:41Z,"charts are not updating automatically,user has to refresh manually. sometimes i traded on the wrong side because the chart was not updated",7.1.4,Android
00ea0667-b5f7-4612-a520-10c089f936b9,[REDACTED],5,unclassified,week_b,2026-04-23T09:32:19Z,"Dear INDmoney, you’ve made instant withdrawal feel like magic! 💸 No waiting, no tension—just one tap and money lands in my bank. Your smooth trading experience + superfast Insta-Withdrawal = pure love. Best decision ever to trade with you. Thank you for treating my money with such speed and care. You’ve earned a lifelong fan!",9.4.1,Android
12318ec5-9dd7-49d2-a582-bb5cf204eb01,[REDACTED],5,unclassified,week_b,2026-04-23T05:25:05Z,Great app but there should be option to customise homepage to see only what is needed,9.4.1,Android
b885ec91-2d20-4027-89e6-8ea984824c4a,[REDACTED],5,unclassified,week_b,2026-04-21T15:30:52Z,"I really enjoy using the app, but the UPI payment experience needs refinement. Currently, it feels like an afterthought rather than a core feature. To improve this, I suggest integrating a more seamless interface and adding fingerprint authentication for faster, more secure UPI transactions.",9.4.1,Android
839ce120-1fcb-4d3e-8cd9-667110fe2526,[REDACTED],5,unclassified,week_b,2026-04-21T13:03:54Z,Best App for trading as well as utility all in one place user interface also very nice easy to use app thx for such a wonderful app i can track all my accounts at one place,9.4.1,Android
b85c53ae-c1b9-438d-8c0f-87647b4ff469,[REDACTED],4,unclassified,week_b,2026-04-21T08:13:50Z,everything is fine but provides an equity curve in the app so that one can track his movement of capital over time during trading or investing,9.4.1,Android
819d4d54-dd89-4e34-a4d1-eefb531a26ba,[REDACTED],4,unclassified,week_b,2026-04-18T09:59:01Z,"Excellent functionality and integration. However, the following key functionality is missing in the portfolio section: It does not show YTD gain and CAGR of stocks purchased from other brokers. INDMoney has information about amount and current price from the depository so letting users manually add purchase date and buy price would enable this feature.",9.3.9,Android
43374091-2fe5-49c7-be1d-805ab366b42b,[REDACTED],4,unclassified,week_b,2026-04-16T16:34:25Z,"excellent and great app, very good and easy to learn and use",9.3.9,Android
8a2af631-6dfa-43ac-bc96-d71e7353960f,[REDACTED],5,unclassified,week_b,2026-04-16T15:08:19Z,"I have sent INDmoney a feature request to improve a certain US stocks UX.. they implemented that in just 1 week! I think I can trust this app. I am a Mobile developer myself, I keep USB debugging ON because I need it for my work, but INDmoney being a payment app doesnt unnecessarily force logout me for disabling USBdebugging, they simply stop me when making UPI payments.. this is [REDACTED] a clever and impressive attention to detail! Seems like this app is built by devs who care about their users UX!",unknown,Android
520ac75e-26d4-4d9d-9361-dbce6dfce792,[REDACTED],5,unclassified,week_b,2026-04-16T14:40:38Z,"hi i am [REDACTED] this app since 2023, every updates are having good features, but when the last updated not good. when I open one stock, full white screen, i shock because it's looking like a toys tool",5.1.7,Android
81221ce7-ab98-43d2-a85a-f90753ed2fa3,[REDACTED],4,unclassified,week_b,2026-04-15T17:27:23Z,line chart was not good this updated version to compare previous one,9.3.9,Android
390e3846-0d04-49c8-8348-b2fda45bf988,[REDACTED],5,unclassified,week_b,2026-04-15T16:07:00Z,recently update added tradingview with Flash mode. now this app is awesome. please add comodity trading with this app..,9.3.9,Android
f23b276b-db71-4ab9-96a6-d2405a41100f,[REDACTED],4,unclassified,week_b,2026-04-15T12:12:20Z,All good. New version is showing white background when clicked on purchased stock recently I feel old look and feel is good,9.3.9,Android
30fffed3-f6ff-44b8-8289-a45191d5782a,[REDACTED],5,unclassified,week_b,2026-04-15T06:37:48Z,it's a good exercise to improve your knowledge on finance,9.3.7,Android
082dad60-c254-4b87-a97e-acc2c5288e03,[REDACTED],4,unclassified,week_b,2026-04-14T21:54:50Z,"overall having good trading experience, app working good, please add commodity options for trading.",9.3.7,Android
774d0204-d339-4866-9190-5fdb14080d5c,[REDACTED],5,unclassified,week_b,2026-04-14T20:39:22Z,trailing stop loss fashion integration uplabdh ho jaaye to achcha rahega,9.3.7,Android
0c7682fb-698f-462d-b485-3f0a5a3594d8,[REDACTED],4,unclassified,week_b,2026-04-12T23:26:26Z,"cutting one star, because not giving option of SWP even fund houses are given, giving suggestion before 1 year, still not applicable, make it quick as soon as possible",9.3.7,Android
9890a8e0-dbea-4d20-86ae-646687830b1d,[REDACTED],5,unclassified,week_b,2026-04-12T01:04:23Z,App experience in terms of Ac aggregating is good but few demats linked to nsdk stil face issue in reflecting. All banks if addded will make it better also auto linking insuramce and specially ULIP or Term insurance if added ti Networht with manual liabilities addition optional will make the app more effective. Looking forward to these improvements.,9.3.2,Android
bb958761-1d9c-4a89-9373-0621c1e0de82,[REDACTED],5,unclassified,week_b,2026-04-10T19:49:04Z,"Excellent & Superb,, Very Fast Easy Simple than Others..",9.3.7,Android
4e070ebd-9eca-4fd2-870c-e8f3e2e41884,[REDACTED],5,unclassified,week_b,2026-04-08T14:38:53Z,Good and simple helping app for beginners like me.,9.3.2,Android
08c0c578-7107-4517-bbec-581b60d3a057,[REDACTED],5,unclassified,week_b,2026-04-08T14:16:18Z,I am [REDACTED] satisfied with the app but I have one observation - Why is my physical silver investment getting categorised as alternate investment?,9.3.2,Android
d7facbf1-8b5b-4ec3-a8fd-31514c58419e,[REDACTED],4,unclassified,week_b,2026-04-08T14:13:43Z,lot of issues in modifying orders.. the app is good but this bugs are taking lots of time.i raise ticket they just close saying cancel and place order again.. After discussion with customer care they have fixed this issue. thanks,9.3.2,Android
ff11e494-44f4-4fe8-b58e-87606bf4f7ed,[REDACTED],4,unclassified,week_b,2026-04-08T13:31:11Z,"just a pathetic team of developers, cant resolve the MF portfolio refresh issue and closing the incidents again and again without any resolution. can't expect anything better anyhow",unknown,Android
1395628b-495e-4e60-953b-bb99ccf1612b,[REDACTED],4,unclassified,week_b,2026-04-08T10:57:14Z,"liked the app very much, but it would have been better if it had STP option too ?. I had to use another app for it.",9.3.2,Android
115e88f0-5cfd-409e-ad4a-b22e2e73032a,[REDACTED],5,unclassified,week_b,2026-04-08T10:28:35Z,"very good App , charging lowest interest rate on mtf position, and one of least brokerage charges...",9.3.2,Android
e06ee062-c118-4ba6-9e6b-c80946bd74ac,[REDACTED],5,unclassified,week_b,2026-04-08T09:22:58Z,today update happened buying option is not visible,9.3.2,Android
1acc182b-07a3-4266-a3d0-0279d0b1fa81,[REDACTED],5,unclassified,week_b,2026-04-06T23:34:41Z,"Superb app, using it since few days and the service is good, didn't face any kind of problems with the deposit or withdrawal. Overall good service.",unknown,Android
09492f6d-1054-4582-b673-799c1391b12c,[REDACTED],4,unclassified,week_b,2026-04-06T19:32:34Z,"greatest ,learners can learn and invest customer service is excellent",9.3.2,Android
b9a97713-ad23-4cce-a768-ac198096f4c7,[REDACTED],5,unclassified,week_b,2026-04-06T17:05:13Z,"Perfect App. I'm a user, and so far, everything is clean!",unknown,Android
b5d41f6c-7382-4bd5-a7c7-a51decb3dfa5,[REDACTED],5,unclassified,week_b,2026-04-06T12:51:25Z,"Good app overall. Easy to use and helpful for beginners, but sometimes it takes time to process transactions.",9.3.2,Android
04dbbb0f-1dca-4c01-afef-3b6501427a58,[REDACTED],5,unclassified,week_b,2026-04-05T01:42:16Z,The app is really good and very easy to use I am 18 and I recently started doing SIP with my savings so this app has helped me a lot in taking my first steps into investing everything feels simple and beginner friendly which is very important for someone like me who is just starting out I also really like how smooth the interface is and how easily I can understand everything the UPI works perfectly and the cashback feature makes it even better also the wallet system is very convenient and useful,unknown,Android
b68e1f8b-e78f-4529-b953-19e793d46b6c,[REDACTED],5,unclassified,week_b,2026-04-04T09:04:19Z,Mera Frist time in the traid no experience but dekhte h,9.3.2,Android
dd284fed-e783-4bd7-94b6-e12052b7b6d0,[REDACTED],5,unclassified,week_b,2026-04-03T21:01:39Z,"Decent app ,they build user friendly, best choice for beginners",9.3.2,Android
cf6c7182-86a2-4881-9c7d-1bca6740db77,[REDACTED],5,unclassified,week_b,2026-04-03T18:49:44Z,"The customer care services are excellent, and they speak with great courtesy.",9.3.2,Android
8ae2bcf4-117e-4f7e-8a1c-3fa8b6acd335,[REDACTED],5,unclassified,week_b,2026-04-02T20:43:20Z,everything is okk... but i can't transact through my federal bank account for us stocks... pls fix the issue asap,9.3.2,Android
f4579046-7289-49f1-ad76-5b5db42fb201,[REDACTED],5,unclassified,week_b,2026-04-02T18:51:43Z,use the app and Start by learning it for at least 3-6 months. Don't borrow money for tade and don't use pay later options.,9.3.2,Android
8dedb525-64a2-4892-a052-34616bdf8f33,[REDACTED],5,unclassified,week_b,2026-03-31T21:33:12Z,waw super app no processing fee only wothin a second loan,9.2.9,Android
9424af37-c9f0-4c6d-858d-fbdfdd733c51,[REDACTED],5,unclassified,week_b,2026-03-31T13:14:43Z,"Excellent app for investment in stock market as well mutual funds. Fast trading experience in option trading, stock trading. Very easy to use, easy to understand, easy to open demat account. kindly provide live payoff and probability of profit in option strategy position.",9.2.9,Android
b2a8cb84-69c7-4a0c-9af8-7adb5f12b032,[REDACTED],5,unclassified,week_b,2026-03-30T17:07:47Z,"Always 5 ⭐ ⭐ ⭐ ⭐ ⭐ 📌Fast trading and order execution. 📌Flash scalping feature's User interface is uniquely designed. No other apps provide it. 📌In a single click, I can change any call & put. 📌FnO Brokerage -10₹ per order(but you need to connect with customer support to get this discount. if the offer is available, they will activate it). I have saved more than 2500₹ in March 2026. Other trading apps are charging 20₹ per order which were eating my profits. 📌So, YES to INDMoney.",9.2.9,Android
5e661db6-0a05-4a04-a8e8-513a77b8dc75,[REDACTED],5,unclassified,week_b,2026-03-30T12:15:28Z,"App makes balance rightly,measures all corner rightlly,but problems happen when open is not eassy to measure",9.2.9,Android
ed81d22c-f76c-425f-9a93-c3d50c330789,[REDACTED],5,unclassified,week_b,2026-03-29T14:12:20Z,"Great experience with . The app is simple, smooth, and very easy to use. It helps in managing investments efficiently, and transactions are quick and reliable. One of the best features is getting cashback on UPI transactions, which adds extra value for daily use. Overall, a very useful and trustworthy app. Highly recommended!",9.1.9,Android
42b0cdd5-9d2f-4d7b-8aa8-28f26715e6b6,[REDACTED],4,unclassified,week_b,2026-03-28T23:07:10Z,beautiful app optimisation very good 👍 recommended for serious investers,9.2.9,Android
329e0552-7527-496d-87d3-b9fa5fb0503a,[REDACTED],5,unclassified,week_b,2026-03-28T14:25:53Z,"""INDmoney is an exceptional all-in-one financial super-app. It simplifies tracking my entire net worth, from Indian stocks and mutual funds to EPF and bank balances, all in one sleek dashboard. The standout feature is the seamless US stock investing, allowing fractional shares with zero brokerage. The interface is intuitive, and the real-time insights into my spending and investment goals are incredibly helpful.",unknown,Android
ab6e2c40-2225-405e-97f9-6e301799fa21,[REDACTED],5,unclassified,week_b,2026-03-28T04:16:45Z,"Great App for Overall Tracking. Facing one issue - How to edit the entries in the cash investment section which I have made manually, I want to remove those now. please advise",9.2.9,Android
7a2a4098-c0a4-46c1-a6e4-5ae4e3778c22,[REDACTED],5,unclassified,week_b,2026-03-27T08:17:00Z,Amazing app. Tracks my investments and loans perfectly!,9.2.9,Android
30df699b-ce73-48f3-957d-126239ee3361,[REDACTED],5,unclassified,week_b,2026-03-27T06:50:54Z,"Been using INDmoney since 2024 and the evolution is wild. As a 23yo CS grad, I really appreciate how much smoother the UI and tracking have gotten lately. One big suggestion for the devs you guys should seriously look into SnapTrade. It’s a solid brokerage integration platform that would take tracking to the next level. I know you already have your own in-house setup for tracking external brokers, but integrating SnapTrade would help way more people sync their portfolios Smooth and glitch-free.",9.1.3,Android
d9fcb4f7-2b99-44b6-b525-5f42321d6920,[REDACTED],5,unclassified,week_b,2026-03-25T21:38:06Z,"great app, I used over 3 years, very smooth transaction, good looking display, I am [REDACTED] happy for this app. I Will suggest to company wallet is missing, credit card to Wallet will a good decision for company. I hope so...",9.2.9,Android
4e3ee41d-4976-440d-b646-112c9ed866ea,[REDACTED],5,unclassified,week_b,2026-03-25T16:45:11Z,Best trading app for Foreign trading in sit in India and Trade directly Indian currency to convert in dollar currency.,9.2.9,Android
4f7b3d4a-f07d-439d-a71d-389b84959ebf,[REDACTED],4,unclassified,week_b,2026-03-25T16:21:14Z,"Working good till now. Rating changed. Am trying to close the SBM account, they neither respond to email nor getting them over calls is easy. Not sure what prompted you to select such a bank who has got 2.2 rating here and who are totally unreachable. There are so many good banks but you chose to go with them and customers having harassment.",9.2.9,Android
027311fd-adbd-4258-9b66-e419a09ea6a0,[REDACTED],5,unclassified,week_b,2026-03-25T08:15:49Z,"I have installed and completed registration. This app is one of the best app for investment. all in one and complete investment options, easy switching from regular fund to direct fund. very good and detailed analysis with charges, gain, extra charges, expense ration comparison. I am [REDACTED] happy to be a part of INDMoney. very nice efforts by Team INDMoney.",9.2.9,Android
f37125c3-18ee-4551-b1a0-0e566a148414,[REDACTED],4,unclassified,week_b,2026-03-24T18:38:01Z,Inside the app the federal bank verification is the worst one.Resolved now,9.2.7,Android
